{
  "categorias": [
    {
      "nombre": "NOVEDADES",
      "foto": "../../assets/img/carta/novedades.png",
      "productos": [
        {
          "nombre": "MENÚ KING DABIZ II CARNE",
          "imagen": "../../assets/img/productos/Burguirs.png",
          "descripcion": "Un delicioso menú con una hamburguesa exclusiva de carne, creada por el chef Dabiz Muñoz."
        },
        {
          "nombre": "GOUDA RINGS",
          "imagen": "../../assets/img/productos/GoudaRings.png",
          "descripcion": "Crujientes aros de queso gouda, perfectos para acompañar tus comidas."
        }
      ]
    },
    {
      "nombre": "MENÚ PARRILLA",
      "foto": "../../assets/img/carta/whopper2.png",
      "productos": [
        {
          "nombre": "WHOPPER",
          "imagen": "../../assets/img/productos/whopper2.png",
          "descripcion": "La clásica hamburguesa a la parrilla con todos los ingredientes que amas."
        },
        {
          "nombre": "DOBLE WHOPPER",
          "imagen": "../../assets/img/productos/dobleWhopper.jpg",
          "descripcion": "Dos porciones de carne a la parrilla para los verdaderos amantes del sabor intenso."
        }
      ]
    },
    {
      "nombre": "MENÚ POLLO",
      "foto": "../../assets/img/carta/pollo.png",
      "productos": [
        {
          "nombre": "MENÚ CRISPY CHICKEN",
          "imagen": "../../assets/img/productos/pollo.png",
          "descripcion": "Jugosa pechuga de pollo empanizada, servida con papas y bebida."
        },
        {
          "nombre": "Menú LONG CHICKEN",
          "imagen": "../../assets/img/productos/LongChicken.png",
          "descripcion": "Deliciosa hamburguesa de pollo en pan alargado, perfecta para cualquier ocasión."
        }
      ]
    },
    {
      "nombre": "KING JR",
      "foto": "../../assets/img/carta/KingJR2.png",
      "productos": [
        {
          "nombre": "HAMBURGEUSA KING JR",
          "imagen": "../../assets/img/productos/BurguerKingJR.png",
          "descripcion": "Una hamburguesa pequeña y deliciosa, ideal para los más pequeños de la casa."
        },
        {
          "nombre": "NUGGETS KING JR",
          "imagen": "../../assets/img/productos/NuggetsKingJR.png",
          "descripcion": "Tiernos nuggets de pollo, perfectos para los niños."
        }
      ]
    },
    {
      "nombre": "100% VEGETARIANO",
      "foto": "../../assets/img/carta/vegano.png",
      "productos": [
        {
          "nombre": "WHOPPER VEGETAL",
          "imagen": "../../assets/img/productos/whopperVegi.png",
          "descripcion": "La clásica hamburguesa Whopper, ahora con un delicioso sabor vegetal."
        },
        {
          "nombre": "MENÚ LONG VEGETAL",
          "imagen": "../../assets/img/productos/MenuLongVegetal.png",
          "descripcion": "Hamburguesa vegetal en pan alargado, acompañada de papas y bebida."
        }
      ]
    },
    {
      "nombre": "SIN GLUTEN",
      "foto": "../../assets/img/carta/singluten.png",
      "productos": [
        {
          "nombre": "MENÚ WHOPPER SIN GLUTEN",
          "imagen": "../../assets/img/productos/WhopperSG.png",
          "descripcion": "Disfruta del sabor del Whopper sin preocuparte por el gluten."
        },
        {
          "nombre": "PATATAS SIN GLUTEN",
          "imagen": "../../assets/img/productos/patatasSG.png",
          "descripcion": "Las clásicas papas fritas, ahora libres de gluten."
        }
      ]
    },
    {
      "nombre": "HAMBURGUESAS",
      "foto": "../../assets/img/carta/Burguirs.png",
      "productos": [
        {
          "nombre": "WHOPPER VEGETAL",
          "imagen": "../../assets/img/productos/whopperVegi.png",
          "descripcion": "La opción vegetariana para disfrutar de una hamburguesa deliciosa."
        },
        {
          "nombre": "LONG VEGETAL",
          "imagen": "../../assets/img/productos/MenuLongVegetal.png",
          "descripcion": "Una hamburguesa vegetal en pan alargado con un sabor increíble."
        }
      ]
    },
    {
      "nombre": "COMPLMENTOS",
      "foto": "../../assets/img/carta/Complementos.png",
      "productos": [
        {
          "nombre": "PATATAS SIN GLUTEN",
          "imagen": "../../assets/img/productos/patatasSG.png",
          "descripcion": "Acompaña tus comidas con estas crujientes papas libres de gluten."
        },
        {
          "nombre": "GOUDA RINGS",
          "imagen": "../../assets/img/productos/GoudaRings.png",
          "descripcion": "Deliciosos aros de queso gouda, dorados y crujientes."
        }
      ]
    },
    {
      "nombre": "POSTRES",
      "foto": "../../assets/img/carta/postres.png",
      "productos": [
        {
          "nombre": "KING FUSION",
          "imagen": "../../assets/img/carta/postres.png",
          "descripcion": "Un postre helado con toppings irresistibles."
        },
        {
          "nombre": "GOFRE",
          "imagen": "../../assets/img/productos/gofre.png",
          "descripcion": "Un gofre recién hecho, ideal para los amantes de lo dulce."
        }
      ]
    },
    {
      "nombre": "KING AHORRO",
      "foto": "../../assets/img/carta/kingahorro.png",
      "productos": [
        {
          "nombre": "MENÚ KING AHORRO BACON LOVER DOBLE CHEESEBURGER",
          "imagen": "../../assets/img/productos/KADobleBurg.png",
          "descripcion": "Una hamburguesa doble al mejor precio."
        },
        {
          "nombre": "KING AHORRO MENÚ CHICKEN BURGER",
          "imagen": "../../assets/img/productos/KAMCBurguer.png",
          "descripcion": "Un paquete de nuggets deliciosos y económicos."
        }
      ]
    },
    {
      "nombre": "SALSAS",
      "foto": "../../assets/img/carta/salsas.png",
      "productos": [
        {
          "nombre": "SALSA BARBACOA",
          "imagen": "../../assets/img/productos/Barbacoa.png",
          "descripcion": "Salsa barbacoa con un sabor ahumado y dulce."
        },
        {
          "nombre": "SALSA MAYONESA",
          "imagen": "../../assets/img/productos/Mayonesa.png",
          "descripcion": "Salsa de curry con un toque especiado y exótico."
        }
      ]
    },
    {
      "nombre": "BEBIDAS",
      "foto": "../../assets/img/carta/bebidas.png",
      "productos": [
        {
          "nombre": "COCA-COLA",
          "imagen": "../../assets/img/productos/CocaCola.png",
          "descripcion": "El refresco clásico que nunca pasa de moda."
        },
        {
          "nombre": "AGUA MINERAL",
          "imagen": "../../assets/img/productos/AguaMineral.png",
          "descripcion": "Agua pura y refrescante para hidratarte en cualquier momento."
        }
      ]
    },
    {
      "nombre": "ENSALADAS",
      "foto": "../../assets/img/carta/ensaladas.png",
      "productos": [
        {
          "nombre": "ENSALADA ORIGINAL",
          "imagen": "../../assets/img/productos/EnsaladaOriginal.png",
          "descripcion": "Una ensalada fresca con lechuga, crutones y aderezo César."
        },
        {
          "nombre": "ENSALADA KING CESAR",
          "imagen": "../../assets/img/productos/EnsaladaCesar.png",
          "descripcion": "Una mezcla saludable de vegetales frescos."
        }
      ]
    }
  ]
}

